system_id,suite_id,run_id,model_id,profile_id,scenario_id,status,tokens_per_second_mean,tokens_per_second_stddev,peak_resident_memory_bytes,placement,pressure,swap_growth_bytes,compressed_growth_bytes,peak_device_memory_used_bytes,peak_process_rss_bytes,peak_process_swap_bytes,peak_process_device_memory_used_bytes,available_memory_drop_bytes,memory_architecture,spill_mode,amdgpu_vram_used_before_bytes,peak_amdgpu_vram_used_bytes,amdgpu_vram_growth_bytes,amdgpu_vram_total_bytes,amdgpu_gtt_used_before_bytes,peak_amdgpu_gtt_used_bytes,amdgpu_gtt_growth_bytes,amdgpu_gtt_total_bytes,peak_amdgpu_gpu_busy_percent,cuda_unified_memory_enabled,backend,n_threads,n_gpu_layers,error
desktop-rtx3060-12gb,quick-v1,20260827T143915Z,qwen2.5-1.5b-instruct-q4_k_m,default,pp512,ok,8085.879927,382.753171,1374957568,gpu_full,normal,0,,266338304,30801920,0,,131112960,dedicated,none,,,,,,,,,,False,CUDA,8,99,
desktop-rtx3060-12gb,quick-v1,20260827T143915Z,qwen2.5-1.5b-instruct-q4_k_m,default,pp4096,ok,7717.037314,18.836464,1375047680,gpu_full,normal,0,,1818230784,450715648,0,1543503872,131895296,dedicated,none,,,,,,,,,,False,CUDA,8,99,
desktop-rtx3060-12gb,quick-v1,20260827T143915Z,qwen2.5-1.5b-instruct-q4_k_m,default,tg128,ok,209.560037,2.261813,1374822400,gpu_full,normal,0,,1472200704,434044928,0,1197473792,104165376,dedicated,none,,,,,,,,,,False,CUDA,8,99,
desktop-rtx3060-12gb,quick-v1,20260827T143915Z,qwen2.5-3b-instruct-q4_k_m,default,pp512,ok,4372.65769,172.001536,2362523648,gpu_full,normal,0,,2673868800,502894592,0,2399141888,155496448,dedicated,none,,,,,,,,,,False,CUDA,8,99,
desktop-rtx3060-12gb,quick-v1,20260827T143915Z,qwen2.5-3b-instruct-q4_k_m,default,pp4096,ok,4199.742357,1.638647,2362712064,gpu_full,normal,0,,2797600768,497741824,0,2522873856,226533376,dedicated,none,,,,,,,,,,False,CUDA,8,99,
desktop-rtx3060-12gb,quick-v1,20260827T143915Z,qwen2.5-3b-instruct-q4_k_m,default,tg128,ok,131.85305,0.148613,2362728448,gpu_full,normal,0,,2420113408,480362496,0,2145386496,151511040,dedicated,none,,,,,,,,,,False,CUDA,8,99,
desktop-rtx3060-12gb,quick-v1,20260827T143915Z,qwen2.5-7b-instruct-q4_k_m,default,pp512,ok,2345.516322,32.997912,4940898304,gpu_full,normal,0,,5135925248,636739584,0,4861198336,215560192,dedicated,none,,,,,,,,,,False,CUDA,8,99,
desktop-rtx3060-12gb,quick-v1,20260827T143915Z,qwen2.5-7b-instruct-q4_k_m,default,pp4096,ok,2219.820144,1.431113,4940738560,gpu_full,normal,0,,5335154688,634494976,0,5060427776,149843968,dedicated,none,,,,,,,,,,False,CUDA,8,99,
desktop-rtx3060-12gb,quick-v1,20260827T143915Z,qwen2.5-7b-instruct-q4_k_m,default,tg128,ok,68.410245,0.021965,4940664832,gpu_full,normal,0,,4869586944,611082240,0,4594860032,187039744,dedicated,none,,,,,,,,,,False,CUDA,8,99,
